-- 创建数据库
CREATE DATABASE IF NOT EXISTS courseselectdb DEFAULT CHARACTER SET utf8 COLLATE utf8_general_ci;
USE courseselectdb;

-- 学院表
DROP TABLE IF EXISTS Institution;
CREATE TABLE Institution (
  insId INT(11) NOT NULL AUTO_INCREMENT,
  insName VARCHAR(200) NOT NULL,
  PRIMARY KEY (insId)
) ENGINE=InnoDB DEFAULT CHARSET=utf8;

INSERT INTO Institution VALUES 
(1001,'信息科学技术学院'),
(1002,'医学院'),
(1004,'管理学院'),
(1005,'经济学院');

-- 教师表
DROP TABLE IF EXISTS Teacher;
CREATE TABLE Teacher (
  teaId INT(11) NOT NULL,
  teaName VARCHAR(200) NOT NULL,
  teaPass VARCHAR(200) NOT NULL,
  PRIMARY KEY (teaId)
) ENGINE=InnoDB DEFAULT CHARSET=utf8;

INSERT INTO Teacher VALUES 
(2018100001,'张老师','2018100001'),
(2018100002,'李老师','2018100002'),
(2018100003,'王老师','2018100003'),
(2018100004,'陈老师','2018100004');

-- 学生表
DROP TABLE IF EXISTS Student;
CREATE TABLE Student (
  stuId INT(11) NOT NULL,
  stuName VARCHAR(200) NOT NULL,
  stuPass VARCHAR(200) NOT NULL,
  insId INT(11) DEFAULT NULL,
  insName VARCHAR(200) DEFAULT NULL,
  PRIMARY KEY (stuId)
) ENGINE=InnoDB DEFAULT CHARSET=utf8;

INSERT INTO Student VALUES 
(2018000001,'张三','2018000001',1005,'经济学院'),
(2018000002,'李四','2018000002',1001,'信息科学技术学院'),
(2018000003,'王五','2018000003',1005,'经济学院'),
(2018000004,'赵六','2018000004',1005,'经济学院'),
(2018000005,'孙七','2018000005',1004,'管理学院'),
(2018000006,'周八','2018000006',1001,'信息科学技术学院'),
(2018000007,'吴九','2018000007',1004,'管理学院'),
(2018000008,'郑十','2018000008',1001,'信息科学技术学院'),
(2018000009,'刘备','2018000009',1004,'管理学院'),
(2018000010,'关羽','2018000010',1002,'医学院'),
(2018000011,'张飞','2018000011',1002,'医学院');

-- 课程表
DROP TABLE IF EXISTS Course;
CREATE TABLE Course (
  classId INT(11) NOT NULL AUTO_INCREMENT,
  className VARCHAR(200) NOT NULL,
  classNum INT(11) NOT NULL,
  teaId INT(11) NOT NULL,
  classChooseNum INT(11) NOT NULL,
  PRIMARY KEY (classId)
) ENGINE=InnoDB DEFAULT CHARSET=utf8;

INSERT INTO Course VALUES 
(1001,'c语言程序设计',5,2018100001,2),
(1002,'宏观经济学',3,2018100002,3),
(1004,'java程序设计',4,2018100001,1),
(1005,'市场营销学',6,2018100002,2),
(1006,'大学英语',3,2018100003,1),
(1007,'大学英语',3,2018100003,1),
(1008,'高等数学',6,2018100004,1);

-- 选课表
DROP TABLE IF EXISTS Course_choose;
CREATE TABLE Course_choose (
  chooseId INT(11) NOT NULL AUTO_INCREMENT,
  stuId INT(11) NOT NULL,
  classId INT(11) NOT NULL,
  score INT(11) DEFAULT 0,
  PRIMARY KEY (chooseId)
) ENGINE=InnoDB DEFAULT CHARSET=utf8;

-- 课程学院限制表
DROP TABLE IF EXISTS Course_limit;
CREATE TABLE Course_limit (
  limitId INT(11) NOT NULL AUTO_INCREMENT,
  classId INT(11) NOT NULL,
  insId INT(11) NOT NULL,
  PRIMARY KEY (limitId)
) ENGINE=InnoDB DEFAULT CHARSET=utf8;

INSERT INTO Course_limit VALUES 
(1,1001,1001),
(2,1002,1005),
(3,1004,1001),
(4,1004,1004),
(5,1005,1004),
(6,1005,1005),
(7,1006,1001),
(8,1007,1002),
(9,1008,1002);
